host	path	status	url
dcs.suzukiauto.co.za	/	200	https://dcs.suzukiauto.co.za/
dcs.suzukiauto.co.za	/robots.txt	200	https://dcs.suzukiauto.co.za/robots.txt
dcs.suzukiauto.co.za	/Upload/Downloads/Service/ServiceManuals/	403	https://dcs.suzukiauto.co.za/Upload/Downloads/Service/ServiceManuals/
dcs.suzukiauto.co.za	/Upload/Downloads/Service/ServiceManuals/SWIFT_A2L310_A2L412_A2L414/xml/AENLSB0A/index.html	200	https://dcs.suzukiauto.co.za/Upload/Downloads/Service/ServiceManuals/SWIFT_A2L310_A2L412_A2L414/xml/AENLSB0A/index.html
dcs.suzukiauto.co.za	/Upload/Downloads/Service/ServiceManuals/IGNIS/xml/AENLJA0A/index.html	200	https://dcs.suzukiauto.co.za/Upload/Downloads/Service/ServiceManuals/IGNIS/xml/AENLJA0A/index.html
dcs.suzukiauto.co.za	/Upload/Downloads/Service/ServiceManuals/BREZZA/xml/AENLBA0C/index.html	200	https://dcs.suzukiauto.co.za/Upload/Downloads/Service/ServiceManuals/BREZZA/xml/AENLBA0C/index.html
dcs.suzuki.de	/	200	https://dcs.suzuki.de/
dcs.suzuki.de	/robots.txt	404	https://dcs.suzuki.de/robots.txt
dcs.suzuki.de	/Upload/Downloads/Service/ServiceManuals/	404	https://dcs.suzuki.de/Upload/Downloads/Service/ServiceManuals/
dcs.suzuki.de	/Upload/Downloads/Service/ServiceManuals/SWIFT_A2L310_A2L412_A2L414/xml/AENLSB0A/index.html	404	https://dcs.suzuki.de/Upload/Downloads/Service/ServiceManuals/SWIFT_A2L310_A2L412_A2L414/xml/AENLSB0A/index.html
dcs.suzuki.de	/Upload/Downloads/Service/ServiceManuals/IGNIS/xml/AENLJA0A/index.html	404	https://dcs.suzuki.de/Upload/Downloads/Service/ServiceManuals/IGNIS/xml/AENLJA0A/index.html
dcs.suzuki.de	/Upload/Downloads/Service/ServiceManuals/BREZZA/xml/AENLBA0C/index.html	404	https://dcs.suzuki.de/Upload/Downloads/Service/ServiceManuals/BREZZA/xml/AENLBA0C/index.html
dcs.suzuki.es	/	ERR	https://dcs.suzuki.es/
dcs.suzuki.es	/robots.txt	ERR	https://dcs.suzuki.es/robots.txt
dcs.suzuki.es	/Upload/Downloads/Service/ServiceManuals/	ERR	https://dcs.suzuki.es/Upload/Downloads/Service/ServiceManuals/
dcs.suzuki.es	/Upload/Downloads/Service/ServiceManuals/SWIFT_A2L310_A2L412_A2L414/xml/AENLSB0A/index.html	ERR	https://dcs.suzuki.es/Upload/Downloads/Service/ServiceManuals/SWIFT_A2L310_A2L412_A2L414/xml/AENLSB0A/index.html
dcs.suzuki.es	/Upload/Downloads/Service/ServiceManuals/IGNIS/xml/AENLJA0A/index.html	ERR	https://dcs.suzuki.es/Upload/Downloads/Service/ServiceManuals/IGNIS/xml/AENLJA0A/index.html
dcs.suzuki.es	/Upload/Downloads/Service/ServiceManuals/BREZZA/xml/AENLBA0C/index.html	ERR	https://dcs.suzuki.es/Upload/Downloads/Service/ServiceManuals/BREZZA/xml/AENLBA0C/index.html
dcs.suzuki.co.uk	/	ERR	https://dcs.suzuki.co.uk/
dcs.suzuki.co.uk	/robots.txt	ERR	https://dcs.suzuki.co.uk/robots.txt
dcs.suzuki.co.uk	/Upload/Downloads/Service/ServiceManuals/	ERR	https://dcs.suzuki.co.uk/Upload/Downloads/Service/ServiceManuals/
dcs.suzuki.co.uk	/Upload/Downloads/Service/ServiceManuals/SWIFT_A2L310_A2L412_A2L414/xml/AENLSB0A/index.html	ERR	https://dcs.suzuki.co.uk/Upload/Downloads/Service/ServiceManuals/SWIFT_A2L310_A2L412_A2L414/xml/AENLSB0A/index.html
dcs.suzuki.co.uk	/Upload/Downloads/Service/ServiceManuals/IGNIS/xml/AENLJA0A/index.html	ERR	https://dcs.suzuki.co.uk/Upload/Downloads/Service/ServiceManuals/IGNIS/xml/AENLJA0A/index.html
dcs.suzuki.co.uk	/Upload/Downloads/Service/ServiceManuals/BREZZA/xml/AENLBA0C/index.html	ERR	https://dcs.suzuki.co.uk/Upload/Downloads/Service/ServiceManuals/BREZZA/xml/AENLBA0C/index.html
dcs.suzuki.fr	/	ERR	https://dcs.suzuki.fr/
dcs.suzuki.fr	/robots.txt	ERR	https://dcs.suzuki.fr/robots.txt
dcs.suzuki.fr	/Upload/Downloads/Service/ServiceManuals/	ERR	https://dcs.suzuki.fr/Upload/Downloads/Service/ServiceManuals/
dcs.suzuki.fr	/Upload/Downloads/Service/ServiceManuals/SWIFT_A2L310_A2L412_A2L414/xml/AENLSB0A/index.html	ERR	https://dcs.suzuki.fr/Upload/Downloads/Service/ServiceManuals/SWIFT_A2L310_A2L412_A2L414/xml/AENLSB0A/index.html
dcs.suzuki.fr	/Upload/Downloads/Service/ServiceManuals/IGNIS/xml/AENLJA0A/index.html	ERR	https://dcs.suzuki.fr/Upload/Downloads/Service/ServiceManuals/IGNIS/xml/AENLJA0A/index.html
dcs.suzuki.fr	/Upload/Downloads/Service/ServiceManuals/BREZZA/xml/AENLBA0C/index.html	ERR	https://dcs.suzuki.fr/Upload/Downloads/Service/ServiceManuals/BREZZA/xml/AENLBA0C/index.html
dcs.suzuki.it	/	ERR	https://dcs.suzuki.it/
dcs.suzuki.it	/robots.txt	ERR	https://dcs.suzuki.it/robots.txt
dcs.suzuki.it	/Upload/Downloads/Service/ServiceManuals/	ERR	https://dcs.suzuki.it/Upload/Downloads/Service/ServiceManuals/
dcs.suzuki.it	/Upload/Downloads/Service/ServiceManuals/SWIFT_A2L310_A2L412_A2L414/xml/AENLSB0A/index.html	ERR	https://dcs.suzuki.it/Upload/Downloads/Service/ServiceManuals/SWIFT_A2L310_A2L412_A2L414/xml/AENLSB0A/index.html
dcs.suzuki.it	/Upload/Downloads/Service/ServiceManuals/IGNIS/xml/AENLJA0A/index.html	ERR	https://dcs.suzuki.it/Upload/Downloads/Service/ServiceManuals/IGNIS/xml/AENLJA0A/index.html
dcs.suzuki.it	/Upload/Downloads/Service/ServiceManuals/BREZZA/xml/AENLBA0C/index.html	ERR	https://dcs.suzuki.it/Upload/Downloads/Service/ServiceManuals/BREZZA/xml/AENLBA0C/index.html
dcs.suzuki.co.jp	/	ERR	https://dcs.suzuki.co.jp/
dcs.suzuki.co.jp	/robots.txt	ERR	https://dcs.suzuki.co.jp/robots.txt
dcs.suzuki.co.jp	/Upload/Downloads/Service/ServiceManuals/	ERR	https://dcs.suzuki.co.jp/Upload/Downloads/Service/ServiceManuals/
dcs.suzuki.co.jp	/Upload/Downloads/Service/ServiceManuals/SWIFT_A2L310_A2L412_A2L414/xml/AENLSB0A/index.html	ERR	https://dcs.suzuki.co.jp/Upload/Downloads/Service/ServiceManuals/SWIFT_A2L310_A2L412_A2L414/xml/AENLSB0A/index.html
dcs.suzuki.co.jp	/Upload/Downloads/Service/ServiceManuals/IGNIS/xml/AENLJA0A/index.html	ERR	https://dcs.suzuki.co.jp/Upload/Downloads/Service/ServiceManuals/IGNIS/xml/AENLJA0A/index.html
dcs.suzuki.co.jp	/Upload/Downloads/Service/ServiceManuals/BREZZA/xml/AENLBA0C/index.html	ERR	https://dcs.suzuki.co.jp/Upload/Downloads/Service/ServiceManuals/BREZZA/xml/AENLBA0C/index.html
dcs.suzuki.com.au	/	ERR	https://dcs.suzuki.com.au/
dcs.suzuki.com.au	/robots.txt	ERR	https://dcs.suzuki.com.au/robots.txt
dcs.suzuki.com.au	/Upload/Downloads/Service/ServiceManuals/	ERR	https://dcs.suzuki.com.au/Upload/Downloads/Service/ServiceManuals/
dcs.suzuki.com.au	/Upload/Downloads/Service/ServiceManuals/SWIFT_A2L310_A2L412_A2L414/xml/AENLSB0A/index.html	ERR	https://dcs.suzuki.com.au/Upload/Downloads/Service/ServiceManuals/SWIFT_A2L310_A2L412_A2L414/xml/AENLSB0A/index.html
dcs.suzuki.com.au	/Upload/Downloads/Service/ServiceManuals/IGNIS/xml/AENLJA0A/index.html	ERR	https://dcs.suzuki.com.au/Upload/Downloads/Service/ServiceManuals/IGNIS/xml/AENLJA0A/index.html
dcs.suzuki.com.au	/Upload/Downloads/Service/ServiceManuals/BREZZA/xml/AENLBA0C/index.html	ERR	https://dcs.suzuki.com.au/Upload/Downloads/Service/ServiceManuals/BREZZA/xml/AENLBA0C/index.html
dcs.suzuki.co.in	/	ERR	https://dcs.suzuki.co.in/
dcs.suzuki.co.in	/robots.txt	ERR	https://dcs.suzuki.co.in/robots.txt
dcs.suzuki.co.in	/Upload/Downloads/Service/ServiceManuals/	ERR	https://dcs.suzuki.co.in/Upload/Downloads/Service/ServiceManuals/
dcs.suzuki.co.in	/Upload/Downloads/Service/ServiceManuals/SWIFT_A2L310_A2L412_A2L414/xml/AENLSB0A/index.html	ERR	https://dcs.suzuki.co.in/Upload/Downloads/Service/ServiceManuals/SWIFT_A2L310_A2L412_A2L414/xml/AENLSB0A/index.html
dcs.suzuki.co.in	/Upload/Downloads/Service/ServiceManuals/IGNIS/xml/AENLJA0A/index.html	ERR	https://dcs.suzuki.co.in/Upload/Downloads/Service/ServiceManuals/IGNIS/xml/AENLJA0A/index.html
dcs.suzuki.co.in	/Upload/Downloads/Service/ServiceManuals/BREZZA/xml/AENLBA0C/index.html	ERR	https://dcs.suzuki.co.in/Upload/Downloads/Service/ServiceManuals/BREZZA/xml/AENLBA0C/index.html
dcs.suzuki.hu	/	200	https://dcs.suzuki.hu/
dcs.suzuki.hu	/robots.txt	404	https://dcs.suzuki.hu/robots.txt
dcs.suzuki.hu	/Upload/Downloads/Service/ServiceManuals/	404	https://dcs.suzuki.hu/Upload/Downloads/Service/ServiceManuals/
dcs.suzuki.hu	/Upload/Downloads/Service/ServiceManuals/SWIFT_A2L310_A2L412_A2L414/xml/AENLSB0A/index.html	404	https://dcs.suzuki.hu/Upload/Downloads/Service/ServiceManuals/SWIFT_A2L310_A2L412_A2L414/xml/AENLSB0A/index.html
dcs.suzuki.hu	/Upload/Downloads/Service/ServiceManuals/IGNIS/xml/AENLJA0A/index.html	404	https://dcs.suzuki.hu/Upload/Downloads/Service/ServiceManuals/IGNIS/xml/AENLJA0A/index.html
dcs.suzuki.hu	/Upload/Downloads/Service/ServiceManuals/BREZZA/xml/AENLBA0C/index.html	404	https://dcs.suzuki.hu/Upload/Downloads/Service/ServiceManuals/BREZZA/xml/AENLBA0C/index.html
dcs.suzuki.pl	/	ERR	https://dcs.suzuki.pl/
dcs.suzuki.pl	/robots.txt	ERR	https://dcs.suzuki.pl/robots.txt
dcs.suzuki.pl	/Upload/Downloads/Service/ServiceManuals/	ERR	https://dcs.suzuki.pl/Upload/Downloads/Service/ServiceManuals/
dcs.suzuki.pl	/Upload/Downloads/Service/ServiceManuals/SWIFT_A2L310_A2L412_A2L414/xml/AENLSB0A/index.html	ERR	https://dcs.suzuki.pl/Upload/Downloads/Service/ServiceManuals/SWIFT_A2L310_A2L412_A2L414/xml/AENLSB0A/index.html
dcs.suzuki.pl	/Upload/Downloads/Service/ServiceManuals/IGNIS/xml/AENLJA0A/index.html	ERR	https://dcs.suzuki.pl/Upload/Downloads/Service/ServiceManuals/IGNIS/xml/AENLJA0A/index.html
dcs.suzuki.pl	/Upload/Downloads/Service/ServiceManuals/BREZZA/xml/AENLBA0C/index.html	ERR	https://dcs.suzuki.pl/Upload/Downloads/Service/ServiceManuals/BREZZA/xml/AENLBA0C/index.html
dcs.suzuki.nl	/	ERR	https://dcs.suzuki.nl/
dcs.suzuki.nl	/robots.txt	ERR	https://dcs.suzuki.nl/robots.txt
dcs.suzuki.nl	/Upload/Downloads/Service/ServiceManuals/	ERR	https://dcs.suzuki.nl/Upload/Downloads/Service/ServiceManuals/
dcs.suzuki.nl	/Upload/Downloads/Service/ServiceManuals/SWIFT_A2L310_A2L412_A2L414/xml/AENLSB0A/index.html	ERR	https://dcs.suzuki.nl/Upload/Downloads/Service/ServiceManuals/SWIFT_A2L310_A2L412_A2L414/xml/AENLSB0A/index.html
dcs.suzuki.nl	/Upload/Downloads/Service/ServiceManuals/IGNIS/xml/AENLJA0A/index.html	ERR	https://dcs.suzuki.nl/Upload/Downloads/Service/ServiceManuals/IGNIS/xml/AENLJA0A/index.html
dcs.suzuki.nl	/Upload/Downloads/Service/ServiceManuals/BREZZA/xml/AENLBA0C/index.html	ERR	https://dcs.suzuki.nl/Upload/Downloads/Service/ServiceManuals/BREZZA/xml/AENLBA0C/index.html
dcs.suzuki.cz	/	ERR	https://dcs.suzuki.cz/
dcs.suzuki.cz	/robots.txt	ERR	https://dcs.suzuki.cz/robots.txt
dcs.suzuki.cz	/Upload/Downloads/Service/ServiceManuals/	ERR	https://dcs.suzuki.cz/Upload/Downloads/Service/ServiceManuals/
dcs.suzuki.cz	/Upload/Downloads/Service/ServiceManuals/SWIFT_A2L310_A2L412_A2L414/xml/AENLSB0A/index.html	ERR	https://dcs.suzuki.cz/Upload/Downloads/Service/ServiceManuals/SWIFT_A2L310_A2L412_A2L414/xml/AENLSB0A/index.html
dcs.suzuki.cz	/Upload/Downloads/Service/ServiceManuals/IGNIS/xml/AENLJA0A/index.html	ERR	https://dcs.suzuki.cz/Upload/Downloads/Service/ServiceManuals/IGNIS/xml/AENLJA0A/index.html
dcs.suzuki.cz	/Upload/Downloads/Service/ServiceManuals/BREZZA/xml/AENLBA0C/index.html	ERR	https://dcs.suzuki.cz/Upload/Downloads/Service/ServiceManuals/BREZZA/xml/AENLBA0C/index.html
dcs.suzuki.at	/	200	https://dcs.suzuki.at/
dcs.suzuki.at	/robots.txt	200	https://dcs.suzuki.at/robots.txt
dcs.suzuki.at	/Upload/Downloads/Service/ServiceManuals/	200	https://dcs.suzuki.at/Upload/Downloads/Service/ServiceManuals/
dcs.suzuki.at	/Upload/Downloads/Service/ServiceManuals/SWIFT_A2L310_A2L412_A2L414/xml/AENLSB0A/index.html	200	https://dcs.suzuki.at/Upload/Downloads/Service/ServiceManuals/SWIFT_A2L310_A2L412_A2L414/xml/AENLSB0A/index.html
dcs.suzuki.at	/Upload/Downloads/Service/ServiceManuals/IGNIS/xml/AENLJA0A/index.html	200	https://dcs.suzuki.at/Upload/Downloads/Service/ServiceManuals/IGNIS/xml/AENLJA0A/index.html
dcs.suzuki.at	/Upload/Downloads/Service/ServiceManuals/BREZZA/xml/AENLBA0C/index.html	200	https://dcs.suzuki.at/Upload/Downloads/Service/ServiceManuals/BREZZA/xml/AENLBA0C/index.html
dcs.suzuki.be	/	ERR	https://dcs.suzuki.be/
dcs.suzuki.be	/robots.txt	ERR	https://dcs.suzuki.be/robots.txt
dcs.suzuki.be	/Upload/Downloads/Service/ServiceManuals/	ERR	https://dcs.suzuki.be/Upload/Downloads/Service/ServiceManuals/
dcs.suzuki.be	/Upload/Downloads/Service/ServiceManuals/SWIFT_A2L310_A2L412_A2L414/xml/AENLSB0A/index.html	ERR	https://dcs.suzuki.be/Upload/Downloads/Service/ServiceManuals/SWIFT_A2L310_A2L412_A2L414/xml/AENLSB0A/index.html
dcs.suzuki.be	/Upload/Downloads/Service/ServiceManuals/IGNIS/xml/AENLJA0A/index.html	ERR	https://dcs.suzuki.be/Upload/Downloads/Service/ServiceManuals/IGNIS/xml/AENLJA0A/index.html
dcs.suzuki.be	/Upload/Downloads/Service/ServiceManuals/BREZZA/xml/AENLBA0C/index.html	ERR	https://dcs.suzuki.be/Upload/Downloads/Service/ServiceManuals/BREZZA/xml/AENLBA0C/index.html
