root	status	url
ALTO	403	https://dcs.suzukiauto.co.za/Upload/Downloads/Service/ServiceManuals/ALTO/
BREZZA	403	https://dcs.suzukiauto.co.za/Upload/Downloads/Service/ServiceManuals/BREZZA/
CELERIO	403	https://dcs.suzukiauto.co.za/Upload/Downloads/Service/ServiceManuals/CELERIO/
DZIRE	403	https://dcs.suzukiauto.co.za/Upload/Downloads/Service/ServiceManuals/DZIRE/
EECO	403	https://dcs.suzukiauto.co.za/Upload/Downloads/Service/ServiceManuals/EECO/
FRONX	403	https://dcs.suzukiauto.co.za/Upload/Downloads/Service/ServiceManuals/FRONX/
IGNIS	403	https://dcs.suzukiauto.co.za/Upload/Downloads/Service/ServiceManuals/IGNIS/
JIMNY	403	https://dcs.suzukiauto.co.za/Upload/Downloads/Service/ServiceManuals/JIMNY/
KIZASHI	403	https://dcs.suzukiauto.co.za/Upload/Downloads/Service/ServiceManuals/KIZASHI/
S-PRESSO	403	https://dcs.suzukiauto.co.za/Upload/Downloads/Service/ServiceManuals/S-PRESSO/
SPLASH	403	https://dcs.suzukiauto.co.za/Upload/Downloads/Service/ServiceManuals/SPLASH/
SUPER_CARRY	403	https://dcs.suzukiauto.co.za/Upload/Downloads/Service/ServiceManuals/SUPER_CARRY/
SX4	403	https://dcs.suzukiauto.co.za/Upload/Downloads/Service/ServiceManuals/SX4/
XL6	403	https://dcs.suzukiauto.co.za/Upload/Downloads/Service/ServiceManuals/XL6/
800	404	https://dcs.suzukiauto.co.za/Upload/Downloads/Service/ServiceManuals/800/
AERIO	404	https://dcs.suzukiauto.co.za/Upload/Downloads/Service/ServiceManuals/AERIO/
ALTOASTARCELERIO800FRONTECULTUS	404	https://dcs.suzukiauto.co.za/Upload/Downloads/Service/ServiceManuals/ALTOASTARCELERIO800FRONTECULTUS/
ALTO_-_A-STAR/CELERIO/800/FRONTE/CULTUS	404	https://dcs.suzukiauto.co.za/Upload/Downloads/Service/ServiceManuals/ALTO_-_A-STAR/CELERIO/800/FRONTE/CULTUS/
ALTO_A_STAR_CELERIO_800_FRONTE_CULTUS	404	https://dcs.suzukiauto.co.za/Upload/Downloads/Service/ServiceManuals/ALTO_A_STAR_CELERIO_800_FRONTE_CULTUS/
APV	404	https://dcs.suzukiauto.co.za/Upload/Downloads/Service/ServiceManuals/APV/
ASTAR	404	https://dcs.suzukiauto.co.za/Upload/Downloads/Service/ServiceManuals/ASTAR/
A_STAR	404	https://dcs.suzukiauto.co.za/Upload/Downloads/Service/ServiceManuals/A_STAR/
BALENO	404	https://dcs.suzukiauto.co.za/Upload/Downloads/Service/ServiceManuals/BALENO/
BALENO/ESTEEM	404	https://dcs.suzukiauto.co.za/Upload/Downloads/Service/ServiceManuals/BALENO/ESTEEM/
BALENOESTEEM	404	https://dcs.suzukiauto.co.za/Upload/Downloads/Service/ServiceManuals/BALENOESTEEM/
BALENO_ESTEEM	404	https://dcs.suzukiauto.co.za/Upload/Downloads/Service/ServiceManuals/BALENO_ESTEEM/
CAPPUCCINO	404	https://dcs.suzukiauto.co.za/Upload/Downloads/Service/ServiceManuals/CAPPUCCINO/
CAPPUCINO	404	https://dcs.suzukiauto.co.za/Upload/Downloads/Service/ServiceManuals/CAPPUCINO/
CARRY	404	https://dcs.suzukiauto.co.za/Upload/Downloads/Service/ServiceManuals/CARRY/
CARRY/SUPERCARRY/EVERY	404	https://dcs.suzukiauto.co.za/Upload/Downloads/Service/ServiceManuals/CARRY/SUPERCARRY/EVERY/
CARRYSUPERCARRYEVERY	404	https://dcs.suzukiauto.co.za/Upload/Downloads/Service/ServiceManuals/CARRYSUPERCARRYEVERY/
CARRY_SUPERCARRY_EVERY	404	https://dcs.suzukiauto.co.za/Upload/Downloads/Service/ServiceManuals/CARRY_SUPERCARRY_EVERY/
CIAZ	404	https://dcs.suzukiauto.co.za/Upload/Downloads/Service/ServiceManuals/CIAZ/
CROSS	404	https://dcs.suzukiauto.co.za/Upload/Downloads/Service/ServiceManuals/CROSS/
CULTUS	404	https://dcs.suzukiauto.co.za/Upload/Downloads/Service/ServiceManuals/CULTUS/
ERTIGA	404	https://dcs.suzukiauto.co.za/Upload/Downloads/Service/ServiceManuals/ERTIGA/
ESTEEM	404	https://dcs.suzukiauto.co.za/Upload/Downloads/Service/ServiceManuals/ESTEEM/
EVERY	404	https://dcs.suzukiauto.co.za/Upload/Downloads/Service/ServiceManuals/EVERY/
FORENZA	404	https://dcs.suzukiauto.co.za/Upload/Downloads/Service/ServiceManuals/FORENZA/
FORENZA/RENO	404	https://dcs.suzukiauto.co.za/Upload/Downloads/Service/ServiceManuals/FORENZA/RENO/
FORENZARENO	404	https://dcs.suzukiauto.co.za/Upload/Downloads/Service/ServiceManuals/FORENZARENO/
FORENZA_RENO	404	https://dcs.suzukiauto.co.za/Upload/Downloads/Service/ServiceManuals/FORENZA_RENO/
FORSA	404	https://dcs.suzukiauto.co.za/Upload/Downloads/Service/ServiceManuals/FORSA/
FORSA/SPRINT/SWIFT_(SA)	404	https://dcs.suzukiauto.co.za/Upload/Downloads/Service/ServiceManuals/FORSA/SPRINT/SWIFT_(SA)/
FORSASPRINTSWIFTSA	404	https://dcs.suzukiauto.co.za/Upload/Downloads/Service/ServiceManuals/FORSASPRINTSWIFTSA/
FORSA_SPRINT_SWIFT_SA	404	https://dcs.suzukiauto.co.za/Upload/Downloads/Service/ServiceManuals/FORSA_SPRINT_SWIFT_SA/
FRONTE	404	https://dcs.suzukiauto.co.za/Upload/Downloads/Service/ServiceManuals/FRONTE/
GRANDVITARA	404	https://dcs.suzukiauto.co.za/Upload/Downloads/Service/ServiceManuals/GRANDVITARA/
GRANDVITARAXL	404	https://dcs.suzukiauto.co.za/Upload/Downloads/Service/ServiceManuals/GRANDVITARAXL/
GRANDVITARAXL7	404	https://dcs.suzukiauto.co.za/Upload/Downloads/Service/ServiceManuals/GRANDVITARAXL7/
GRAND_VITARA	404	https://dcs.suzukiauto.co.za/Upload/Downloads/Service/ServiceManuals/GRAND_VITARA/
GRAND_VITARA_XL	404	https://dcs.suzukiauto.co.za/Upload/Downloads/Service/ServiceManuals/GRAND_VITARA_XL/
GRAND_VITARA_XL-7	404	https://dcs.suzukiauto.co.za/Upload/Downloads/Service/ServiceManuals/GRAND_VITARA_XL-7/
GRAND_VITARA_XL_7	404	https://dcs.suzukiauto.co.za/Upload/Downloads/Service/ServiceManuals/GRAND_VITARA_XL_7/
KEI	404	https://dcs.suzukiauto.co.za/Upload/Downloads/Service/ServiceManuals/KEI/
LIANA	404	https://dcs.suzukiauto.co.za/Upload/Downloads/Service/ServiceManuals/LIANA/
LJ80	404	https://dcs.suzukiauto.co.za/Upload/Downloads/Service/ServiceManuals/LJ80/
MRWAGON	404	https://dcs.suzukiauto.co.za/Upload/Downloads/Service/ServiceManuals/MRWAGON/
MR_WAGON	404	https://dcs.suzukiauto.co.za/Upload/Downloads/Service/ServiceManuals/MR_WAGON/
OMNI	404	https://dcs.suzukiauto.co.za/Upload/Downloads/Service/ServiceManuals/OMNI/
RENO	404	https://dcs.suzukiauto.co.za/Upload/Downloads/Service/ServiceManuals/RENO/
RITZ	404	https://dcs.suzukiauto.co.za/Upload/Downloads/Service/ServiceManuals/RITZ/
SAMURAI	404	https://dcs.suzukiauto.co.za/Upload/Downloads/Service/ServiceManuals/SAMURAI/
SAMURAI/SJ	404	https://dcs.suzukiauto.co.za/Upload/Downloads/Service/ServiceManuals/SAMURAI/SJ/
SAMURAISJ	404	https://dcs.suzukiauto.co.za/Upload/Downloads/Service/ServiceManuals/SAMURAISJ/
SAMURAI_SJ	404	https://dcs.suzukiauto.co.za/Upload/Downloads/Service/ServiceManuals/SAMURAI_SJ/
SCROSS	404	https://dcs.suzukiauto.co.za/Upload/Downloads/Service/ServiceManuals/SCROSS/
SIDEKICK	404	https://dcs.suzukiauto.co.za/Upload/Downloads/Service/ServiceManuals/SIDEKICK/
SIERRA	404	https://dcs.suzukiauto.co.za/Upload/Downloads/Service/ServiceManuals/SIERRA/
SPLASH/RITZ	404	https://dcs.suzukiauto.co.za/Upload/Downloads/Service/ServiceManuals/SPLASH/RITZ/
SPLASHRITZ	404	https://dcs.suzukiauto.co.za/Upload/Downloads/Service/ServiceManuals/SPLASHRITZ/
SPLASH_RITZ	404	https://dcs.suzukiauto.co.za/Upload/Downloads/Service/ServiceManuals/SPLASH_RITZ/
SPRESSO	404	https://dcs.suzukiauto.co.za/Upload/Downloads/Service/ServiceManuals/SPRESSO/
SPRINT	404	https://dcs.suzukiauto.co.za/Upload/Downloads/Service/ServiceManuals/SPRINT/
STAR	404	https://dcs.suzukiauto.co.za/Upload/Downloads/Service/ServiceManuals/STAR/
SUPERCARRY	404	https://dcs.suzukiauto.co.za/Upload/Downloads/Service/ServiceManuals/SUPERCARRY/
SWIFT	404	https://dcs.suzukiauto.co.za/Upload/Downloads/Service/ServiceManuals/SWIFT/
SWIFTSA	404	https://dcs.suzukiauto.co.za/Upload/Downloads/Service/ServiceManuals/SWIFTSA/
SWIFT_(SA)	404	https://dcs.suzukiauto.co.za/Upload/Downloads/Service/ServiceManuals/SWIFT_(SA)/
SWIFT_SA	404	https://dcs.suzukiauto.co.za/Upload/Downloads/Service/ServiceManuals/SWIFT_SA/
SWIFT_SPORT	404	https://dcs.suzukiauto.co.za/Upload/Downloads/Service/ServiceManuals/SWIFT_SPORT/
SX4/S-CROSS	404	https://dcs.suzukiauto.co.za/Upload/Downloads/Service/ServiceManuals/SX4/S-CROSS/
SX4SCROSS	404	https://dcs.suzukiauto.co.za/Upload/Downloads/Service/ServiceManuals/SX4SCROSS/
SX4_S_CROSS	404	https://dcs.suzukiauto.co.za/Upload/Downloads/Service/ServiceManuals/SX4_S_CROSS/
S_CROSS	404	https://dcs.suzukiauto.co.za/Upload/Downloads/Service/ServiceManuals/S_CROSS/
VERONA	404	https://dcs.suzukiauto.co.za/Upload/Downloads/Service/ServiceManuals/VERONA/
VITARA	404	https://dcs.suzukiauto.co.za/Upload/Downloads/Service/ServiceManuals/VITARA/
VITARA/SIDEKICK	404	https://dcs.suzukiauto.co.za/Upload/Downloads/Service/ServiceManuals/VITARA/SIDEKICK/
VITARASIDEKICK	404	https://dcs.suzukiauto.co.za/Upload/Downloads/Service/ServiceManuals/VITARASIDEKICK/
VITARA_BREZZA	404	https://dcs.suzukiauto.co.za/Upload/Downloads/Service/ServiceManuals/VITARA_BREZZA/
VITARA_SIDEKICK	404	https://dcs.suzukiauto.co.za/Upload/Downloads/Service/ServiceManuals/VITARA_SIDEKICK/
WAGONR	404	https://dcs.suzukiauto.co.za/Upload/Downloads/Service/ServiceManuals/WAGONR/
WAGONR+	404	https://dcs.suzukiauto.co.za/Upload/Downloads/Service/ServiceManuals/WAGONR+/
WAGONRPLUS	404	https://dcs.suzukiauto.co.za/Upload/Downloads/Service/ServiceManuals/WAGONRPLUS/
WAGON_R	404	https://dcs.suzukiauto.co.za/Upload/Downloads/Service/ServiceManuals/WAGON_R/
X90	404	https://dcs.suzukiauto.co.za/Upload/Downloads/Service/ServiceManuals/X90/
ALTO - A-STAR/CELERIO/800/FRONTE/CULTUS	ERR	https://dcs.suzukiauto.co.za/Upload/Downloads/Service/ServiceManuals/ALTO - A-STAR/CELERIO/800/FRONTE/CULTUS/
FORSA/SPRINT/SWIFT (SA)	ERR	https://dcs.suzukiauto.co.za/Upload/Downloads/Service/ServiceManuals/FORSA/SPRINT/SWIFT (SA)/
GRAND VITARA	ERR	https://dcs.suzukiauto.co.za/Upload/Downloads/Service/ServiceManuals/GRAND VITARA/
GRAND VITARA XL	ERR	https://dcs.suzukiauto.co.za/Upload/Downloads/Service/ServiceManuals/GRAND VITARA XL/
GRAND VITARA XL-7	ERR	https://dcs.suzukiauto.co.za/Upload/Downloads/Service/ServiceManuals/GRAND VITARA XL-7/
MR WAGON	ERR	https://dcs.suzukiauto.co.za/Upload/Downloads/Service/ServiceManuals/MR WAGON/
SWIFT (SA)	ERR	https://dcs.suzukiauto.co.za/Upload/Downloads/Service/ServiceManuals/SWIFT (SA)/
